id,float_id,latitude,longitude,depth,temperature,salinity,month,year,date
1,5906480,11.6917,-34.2278,1572,3.97,37.88,4,2024,2024-04-24
2,5906489,70.4532,-106.4367,132,-2.0,32.67,3,2024,2024-03-18
3,5906481,5.2334,-102.0657,123,20.27,34.53,7,2024,2024-07-31
4,5906473,71.7913,-41.2876,100,-2.0,31.44,5,2024,2024-05-19
5,5906471,66.8698,-53.239,730,-2.0,31.88,4,2024,2024-04-12
6,5906474,-16.9543,83.1094,43,20.67,35.93,4,2024,2024-04-20
7,5906486,8.9923,-177.8526,147,18.22,34.68,10,2024,2024-10-29
8,5906477,47.8984,116.9142,95,7.29,33.96,1,2024,2024-01-25
9,5906480,33.9371,22.467,49,22.14,37.29,2,2025,2025-02-02
10,5906475,-7.2187,-53.4702,1911,6.28,38.7,3,2025,2025-03-15
11,5906489,12.9077,53.2982,491,4.54,36.0,3,2025,2025-03-23
12,5906487,76.0624,-49.4534,449,-2.0,30.83,5,2024,2024-05-19
13,5906488,0.3175,-96.6614,131,19.9,34.21,2,2024,2024-02-17
14,5906475,-48.5913,18.4043,33,10.29,34.16,9,2024,2024-09-01
15,5906484,-5.1931,-21.0738,284,14.0,37.26,7,2024,2024-07-23
16,5906489,42.1147,22.1259,33,21.57,37.66,11,2024,2024-11-22
17,5906478,-28.4501,66.6467,151,14.64,34.69,3,2025,2025-03-21
18,5906487,59.9645,43.286,302,0.9,34.85,6,2024,2024-06-23
19,5906489,-7.9,-44.8372,16,25.89,36.48,2,2024,2024-02-12
20,5906479,9.4361,-85.7761,1928,3.66,37.29,12,2024,2024-12-25
21,5906475,41.9896,36.1024,373,9.43,37.88,1,2025,2025-01-18
22,5906489,-0.2929,-103.2661,649,10.92,35.84,2,2025,2025-02-19
23,5906479,5.5857,-150.7716,142,20.0,34.43,3,2024,2024-03-04
24,5906478,77.8522,-109.1398,31,-2.0,31.58,12,2024,2024-12-20
25,5906479,-18.1366,84.7687,530,6.29,35.57,10,2024,2024-10-20
26,5906477,35.234,22.9862,70,19.33,37.72,12,2024,2024-12-25
27,5906477,31.5059,5.023,789,2.0,39.71,3,2024,2024-03-31
28,5906482,13.4086,47.2407,31,21.57,36.01,12,2024,2024-12-03
29,5906473,24.1174,0.1745,1087,2.0,35.29,3,2025,2025-03-08
30,5906487,2.7472,-170.9256,101,25.44,34.54,7,2024,2024-07-02
31,5906478,15.9138,-38.3468,1689,2.0,37.63,1,2025,2025-01-25
32,5906486,13.301,-10.0616,1646,6.46,38.62,6,2024,2024-06-15
33,5906482,35.6277,-64.1791,98,5.91,34.47,3,2025,2025-03-21
34,5906474,57.2451,9.8544,751,-2.0,34.96,4,2024,2024-04-10
35,5906487,45.0423,-41.8354,55,9.75,36.23,2,2024,2024-02-04
36,5906482,-7.4548,-119.5493,26,27.09,35.1,12,2024,2024-12-27
37,5906480,37.7261,34.4942,342,10.36,38.95,3,2025,2025-03-03
38,5906489,54.1702,95.1935,21,21.08,33.59,7,2024,2024-07-25
39,5906489,36.0064,-39.2457,1145,2.0,36.97,11,2024,2024-11-17
40,5906487,-9.3352,-55.0962,1577,2.3,37.5,3,2024,2024-03-08
41,5906488,12.8405,109.1104,85,18.85,34.92,1,2025,2025-01-27
42,5906488,-51.6071,124.6458,1697,2.0,36.3,9,2024,2024-09-26
43,5906470,9.3382,-93.8451,11,28.2,35.16,10,2024,2024-10-04
44,5906473,-5.7882,59.3633,38,21.98,35.57,6,2024,2024-06-30
45,5906476,-20.9446,78.1813,59,24.86,35.58,2,2025,2025-02-19
46,5906487,43.5416,115.753,115,4.28,34.21,12,2024,2024-12-24
47,5906474,75.3106,170.1695,57,-0.19,31.99,9,2024,2024-09-13
48,5906486,-57.0689,-57.4687,192,-2.0,34.42,2,2024,2024-02-14
49,5906483,-9.7474,-142.8765,41,26.21,34.78,8,2024,2024-08-13
50,5906488,-29.1719,83.1987,148,17.45,34.96,8,2024,2024-08-18
51,5906471,-7.5674,-168.3813,143,20.15,34.64,11,2024,2024-11-30
52,5906477,-39.569,-42.0878,158,2.19,34.66,9,2024,2024-09-05
53,5906477,-8.6787,87.5123,151,12.46,35.18,9,2024,2024-09-21
54,5906477,-3.6725,-104.9566,1624,7.09,36.53,11,2024,2024-11-12
55,5906477,30.6049,13.9263,23,19.46,37.07,12,2024,2024-12-02
56,5906480,32.1426,-30.2643,483,1.91,35.87,7,2024,2024-07-17
57,5906486,-32.7276,159.1767,27,12.85,34.08,1,2024,2024-01-05
58,5906476,-8.4934,-44.3769,1781,4.82,37.35,7,2024,2024-07-24
59,5906470,19.8997,-17.6333,301,14.01,36.18,7,2024,2024-07-17
60,5906470,26.1994,20.2568,30,23.45,33.69,8,2024,2024-08-12
61,5906479,20.7604,-42.3038,62,25.45,35.64,7,2024,2024-07-14
62,5906473,39.3105,-24.3853,230,9.85,35.17,4,2024,2024-04-20
63,5906476,53.6874,-47.6641,38,12.36,35.68,4,2024,2024-04-24
64,5906470,68.5534,-131.273,19,1.76,33.51,3,2025,2025-03-31
65,5906479,-26.7074,99.9813,983,2.71,36.41,1,2025,2025-01-16
66,5906477,-9.6785,-40.3178,56,26.41,36.44,1,2025,2025-01-04
67,5906474,-10.1749,60.141,126,17.49,34.8,9,2024,2024-09-22
68,5906488,-6.2008,-39.4214,54,26.03,35.92,8,2024,2024-08-08
69,5906486,30.7576,2.1037,15,11.04,33.66,10,2024,2024-10-21
70,5906472,31.7171,12.5067,15,21.07,37.5,2,2024,2024-02-03
71,5906472,37.5762,5.785,455,10.2,38.24,9,2024,2024-09-05
72,5906477,56.1029,55.0122,1423,2.0,35.17,11,2024,2024-11-17
73,5906473,-8.7929,-53.2866,112,18.96,36.65,2,2024,2024-02-03
74,5906480,-32.7517,-130.9693,753,-2.0,35.41,5,2024,2024-05-08
75,5906481,44.9561,-18.3665,37,19.78,36.52,3,2025,2025-03-03
76,5906486,36.5493,-105.8588,41,16.37,34.3,2,2025,2025-02-28
77,5906476,59.2368,-15.121,16,19.09,34.65,7,2024,2024-07-15
78,5906486,23.4692,-27.9608,15,23.06,36.02,1,2025,2025-01-22
79,5906471,-5.8232,-119.3627,412,12.27,35.86,10,2024,2024-10-20
80,5906477,-44.6536,113.9195,271,-2.0,34.34,4,2024,2024-04-24
81,5906487,34.7368,-15.5542,13,14.84,35.06,12,2024,2024-12-13
82,5906480,43.1605,18.8123,495,0.84,38.83,3,2024,2024-03-03
83,5906482,13.2972,-10.4228,130,17.19,36.09,9,2024,2024-09-17
84,5906477,39.9273,36.7523,43,23.88,37.66,1,2025,2025-01-06
85,5906479,11.0861,107.4058,330,9.83,35.85,7,2024,2024-07-16
86,5906487,0.8011,-100.5772,1631,7.06,36.05,5,2024,2024-05-20
87,5906482,13.7596,-12.3059,74,21.79,35.98,10,2024,2024-10-03
88,5906484,43.3035,-64.6798,1716,2.0,36.99,6,2024,2024-06-06
89,5906480,66.5375,-75.9355,304,-2.0,34.39,4,2024,2024-04-04
90,5906473,61.3753,-34.4891,670,0.88,36.82,8,2024,2024-08-27
91,5906488,26.8496,110.769,1037,2.0,35.32,8,2024,2024-08-01
92,5906471,32.766,39.9596,129,17.6,38.44,3,2024,2024-03-09
93,5906483,-45.3328,47.8023,115,-1.28,34.07,1,2025,2025-01-26
94,5906482,34.9173,12.4172,198,8.82,38.65,4,2024,2024-04-06
95,5906478,-42.2454,162.9764,125,1.71,34.69,3,2024,2024-03-21
96,5906480,35.065,-48.404,37,14.81,36.03,3,2025,2025-03-25
97,5906479,-7.0258,-176.258,94,21.77,34.46,9,2024,2024-09-06
98,5906479,-35.4629,-161.8303,1078,2.0,35.87,12,2024,2024-12-09
99,5906474,-7.5665,-51.976,1841,4.31,38.7,7,2024,2024-07-16
100,5906476,37.21,-109.3339,85,12.39,34.05,6,2024,2024-06-19
101,5906477,30.4272,-16.1771,492,1.13,34.27,9,2024,2024-09-04
102,5906483,-46.975,31.1894,1610,2.0,36.17,12,2024,2024-12-03
103,5906482,-0.8329,-11.7524,23,27.39,36.13,12,2024,2024-12-26
104,5906479,36.9177,6.3786,281,6.03,37.45,2,2025,2025-02-21
105,5906475,-6.8273,-101.5739,872,10.8,35.69,2,2024,2024-02-24
106,5906485,34.6195,28.6863,130,9.25,38.81,12,2024,2024-12-31
107,5906485,-0.0694,-99.8557,467,12.65,35.12,7,2024,2024-07-21
108,5906474,-2.1388,63.5238,1462,2.0,36.41,8,2024,2024-08-10
109,5906485,69.1772,125.3487,91,-2.0,31.04,5,2024,2024-05-29
110,5906489,-58.6542,-89.2163,88,8.3,34.86,2,2024,2024-02-04
111,5906474,18.1802,-22.6748,14,25.87,36.56,2,2024,2024-02-10
112,5906484,1.3239,-148.1095,102,22.12,35.56,12,2024,2024-12-27
113,5906476,-9.7673,-36.2981,76,22.12,37.01,2,2025,2025-02-15
114,5906483,-30.66,-45.3598,25,9.05,34.7,8,2024,2024-08-08
115,5906472,51.0938,-13.5799,60,11.3,34.71,6,2024,2024-06-12
116,5906479,69.2565,1.2107,654,-2.0,34.59,9,2024,2024-09-28
117,5906483,30.2193,36.3661,62,9.17,34.77,2,2025,2025-02-07
118,5906488,-16.6501,54.4687,104,15.6,35.83,12,2024,2024-12-27
119,5906478,12.4534,61.457,89,22.95,35.25,12,2024,2024-12-21
120,5906482,-26.2285,90.8748,278,12.3,35.99,3,2024,2024-03-03
121,5906482,-2.6988,-97.2365,42,27.74,35.04,1,2025,2025-01-29
122,5906487,4.4517,-45.2252,822,6.1,36.84,9,2024,2024-09-08
123,5906476,66.0553,19.6145,52,0.56,31.25,1,2025,2025-01-21
124,5906485,15.2331,101.1833,338,8.05,35.92,2,2025,2025-02-17
125,5906481,31.3614,30.3556,1776,2.0,39.21,1,2024,2024-01-06
126,5906471,-0.6015,-147.9247,23,28.68,34.87,6,2024,2024-06-27
127,5906478,26.6586,-41.6693,80,13.35,34.88,1,2024,2024-01-30
128,5906487,53.6132,-38.8087,48,11.9,36.2,9,2024,2024-09-29
129,5906489,41.5949,114.5666,219,4.78,34.83,9,2024,2024-09-10
130,5906484,-8.9852,-23.0355,28,24.39,35.59,5,2024,2024-05-06
131,5906489,30.0864,-40.5297,14,19.7,35.63,10,2024,2024-10-07
132,5906483,-5.4051,88.2404,376,9.3,35.94,6,2024,2024-06-19
133,5906486,47.0179,-23.935,1085,2.0,35.95,8,2024,2024-08-04
134,5906480,-30.2574,3.5458,26,5.24,34.27,3,2025,2025-03-22
135,5906470,9.6364,-110.2939,26,26.06,34.86,10,2024,2024-10-31
136,5906474,24.9728,-53.1164,10,24.78,36.47,11,2024,2024-11-09
137,5906486,-39.1307,118.8691,1741,2.0,35.85,1,2024,2024-01-07
138,5906486,75.8337,-4.0232,16,3.98,33.63,12,2024,2024-12-26
139,5906489,70.4422,63.9908,94,-1.79,32.28,1,2025,2025-01-18
140,5906476,35.6682,16.9458,328,9.44,39.17,6,2024,2024-06-24
141,5906481,35.4552,31.4275,345,1.47,38.77,11,2024,2024-11-30
142,5906485,-35.8244,-98.077,91,-2.0,34.1,8,2024,2024-08-13
143,5906489,-16.1755,41.0312,1892,2.0,36.39,10,2024,2024-10-12
144,5906483,51.6911,-38.2557,39,19.42,34.69,10,2024,2024-10-31
145,5906471,38.8453,20.1898,1571,3.8,39.82,6,2024,2024-06-04
146,5906472,6.5644,91.8581,63,20.46,34.7,6,2024,2024-06-05
147,5906486,37.5997,35.1748,373,4.4,38.77,3,2024,2024-03-05
148,5906473,-53.0683,105.8066,68,10.14,34.19,1,2024,2024-01-15
149,5906488,40.0756,-41.6601,94,3.93,35.17,3,2025,2025-03-08
150,5906485,-16.0123,94.4459,1987,2.0,36.64,10,2024,2024-10-01
151,5906480,-40.6211,16.773,432,-2.0,35.19,3,2025,2025-03-13
152,5906487,-4.4691,-106.7101,1508,4.84,35.92,9,2024,2024-09-13
153,5906477,5.9115,-171.2208,63,27.47,34.84,11,2024,2024-11-10
154,5906473,-4.6267,69.2277,99,18.6,34.71,9,2024,2024-09-18
155,5906484,21.5176,-44.1777,584,9.94,36.86,5,2024,2024-05-02
156,5906473,15.8544,-20.884,22,24.22,36.09,10,2024,2024-10-01
157,5906472,-42.021,-89.3739,206,-2.0,34.61,6,2024,2024-06-14
158,5906487,43.3347,13.0672,196,4.34,38.17,7,2024,2024-07-26
159,5906483,-9.5166,61.4836,28,23.72,35.12,10,2024,2024-10-14
160,5906474,40.106,-18.9218,332,6.89,35.21,11,2024,2024-11-13
161,5906475,51.2755,-37.4994,204,-2.0,35.94,3,2025,2025-03-01
162,5906479,-9.314,52.1492,32,25.05,34.74,1,2025,2025-01-08
163,5906477,27.6396,-10.4533,726,6.11,34.71,3,2025,2025-03-05
164,5906481,-59.9631,96.9525,34,4.33,34.62,1,2025,2025-01-14
165,5906488,-5.4766,-99.4522,143,20.68,34.33,1,2025,2025-01-01
166,5906481,42.8904,-34.6856,15,16.43,34.79,8,2024,2024-08-28
167,5906475,79.5573,-13.9626,154,-2.0,33.63,10,2024,2024-10-31
168,5906476,35.5333,15.4561,286,3.91,38.77,2,2024,2024-02-18
169,5906480,-8.878,-106.6912,483,10.23,35.23,10,2024,2024-10-23
170,5906476,56.8493,-59.821,45,17.77,34.64,8,2024,2024-08-05
171,5906485,3.1654,-28.1675,116,18.98,36.01,11,2024,2024-11-03
172,5906475,7.4706,-38.4795,81,22.86,37.02,12,2024,2024-12-24
173,5906483,0.345,60.1712,46,25.85,35.73,5,2024,2024-05-18
174,5906472,38.4937,-38.151,402,1.45,36.56,1,2024,2024-01-07
175,5906486,39.7377,-47.6448,1612,2.0,36.94,3,2025,2025-03-03
176,5906487,-8.2617,-50.5889,37,26.92,36.65,11,2024,2024-11-21
177,5906476,34.2298,-2.5974,49,16.87,33.71,3,2024,2024-03-31
178,5906479,65.9563,134.5601,595,-2.0,34.12,2,2025,2025-02-12
179,5906485,37.4027,-25.6148,1894,2.0,37.07,6,2024,2024-06-15
180,5906486,-6.6418,-11.0486,1406,5.42,37.75,6,2024,2024-06-30
181,5906489,-3.5097,-157.0241,30,29.14,35.28,1,2024,2024-01-29
182,5906470,71.5839,-137.6885,105,2.41,34.2,8,2024,2024-08-30
183,5906488,36.5009,20.3562,32,16.59,38.52,12,2024,2024-12-09
184,5906479,-53.6708,131.3859,49,8.68,34.35,3,2024,2024-03-10
185,5906470,21.6342,96.2052,49,17.52,34.81,3,2025,2025-03-20
186,5906474,30.7408,6.5798,1923,2.0,39.65,11,2024,2024-11-03
187,5906482,-54.1971,179.9968,158,-2.0,33.99,9,2024,2024-09-03
188,5906475,-5.4916,-123.1919,345,15.26,35.47,2,2025,2025-02-01
189,5906485,-56.34,46.1251,433,-2.0,35.22,4,2024,2024-04-06
190,5906470,-22.1093,52.4987,36,24.89,35.34,7,2024,2024-07-10
191,5906470,-39.4332,27.3441,1040,2.0,35.24,7,2024,2024-07-29
192,5906480,38.7766,24.4218,92,12.53,38.49,11,2024,2024-11-21
193,5906482,6.5097,113.0891,44,25.86,35.66,8,2024,2024-08-24
194,5906488,-5.3725,-22.4272,12,23.6,36.65,5,2024,2024-05-28
195,5906470,-28.0809,60.2224,1362,2.0,36.12,12,2024,2024-12-26
196,5906488,9.3637,-58.2577,13,23.53,35.88,2,2024,2024-02-05
197,5906489,75.1608,76.6238,276,-2.0,30.65,10,2024,2024-10-17
198,5906486,76.5604,116.9782,181,-2.0,33.17,3,2025,2025-03-11
199,5906481,72.2996,-4.452,42,-1.8,31.86,1,2025,2025-01-15
200,5906472,2.6441,-118.0816,1284,5.68,35.69,3,2025,2025-03-22
201,5906473,-37.3209,-99.7818,103,8.59,34.49,10,2024,2024-10-02
202,5906485,-6.7979,-40.3084,1355,6.03,38.33,2,2025,2025-02-15
203,5906473,27.8062,-44.0083,42,27.99,36.52,9,2024,2024-09-17
204,5906470,68.3483,10.6399,149,-2.0,32.19,5,2024,2024-05-15
205,5906483,76.6038,-157.4877,1625,2.0,35.36,11,2024,2024-11-18
206,5906484,5.3934,51.1414,246,11.37,35.84,4,2024,2024-04-29
207,5906488,10.3096,85.5808,19,24.79,36.0,3,2025,2025-03-15
208,5906488,75.9361,-133.1479,1532,2.0,34.33,2,2025,2025-02-24
209,5906482,57.2054,-54.6012,11,19.92,36.09,2,2025,2025-02-13
210,5906478,58.1484,-10.2881,93,10.96,34.04,3,2025,2025-03-08
211,5906488,-0.6428,-59.4071,37,26.05,36.44,8,2024,2024-08-27
212,5906489,-45.0171,143.1927,1102,2.0,35.15,1,2024,2024-01-02
213,5906476,42.207,30.3531,645,2.95,37.67,2,2025,2025-02-06
214,5906485,-36.6962,56.6284,1308,2.0,35.37,2,2025,2025-02-22
215,5906488,10.3929,-56.6949,1690,6.3,38.48,4,2024,2024-04-11
216,5906486,42.9386,26.1539,1700,2.0,38.91,1,2024,2024-01-14
217,5906480,30.2524,-59.5544,359,-2.0,36.03,3,2025,2025-03-10
218,5906487,57.9999,-54.669,43,7.79,34.58,3,2025,2025-03-27
219,5906489,-31.4372,132.2057,1001,2.0,35.77,9,2024,2024-09-03
220,5906475,4.5743,-148.3825,63,24.98,34.39,1,2025,2025-01-25
221,5906482,24.2787,9.8672,318,5.44,34.74,3,2024,2024-03-06
222,5906473,7.6691,-124.0512,232,16.0,34.78,7,2024,2024-07-20
223,5906479,30.4728,6.689,268,9.28,37.79,1,2024,2024-01-09
224,5906482,60.5208,-10.4893,16,17.74,35.12,6,2024,2024-06-04
225,5906478,-7.283,99.9754,50,24.45,35.41,12,2024,2024-12-24
226,5906470,2.3748,-97.8262,97,22.22,35.07,4,2024,2024-04-23
227,5906486,-30.5834,93.8277,44,12.61,34.34,3,2025,2025-03-25
228,5906475,6.676,-111.7575,21,26.39,34.42,7,2024,2024-07-17
229,5906473,16.485,-50.9952,1950,4.61,37.96,2,2024,2024-02-25
230,5906488,2.7918,-129.3121,1708,5.76,35.73,4,2024,2024-04-23
231,5906476,25.1366,-52.2407,33,26.2,36.89,10,2024,2024-10-02
232,5906481,39.7678,4.1734,34,18.1,37.41,3,2024,2024-03-19
233,5906472,28.3791,-10.6668,122,18.78,36.75,7,2024,2024-07-12
234,5906478,2.5124,55.832,270,9.74,35.5,8,2024,2024-08-07
235,5906471,-38.7463,30.7713,93,-0.42,34.31,1,2024,2024-01-15
236,5906482,22.8647,26.0857,1506,2.0,36.01,3,2025,2025-03-02
237,5906482,2.1809,-44.8277,988,4.81,37.82,10,2024,2024-10-15
238,5906486,65.2269,-115.8272,1506,2.0,33.11,3,2025,2025-03-09
239,5906471,-59.7451,-122.966,120,-2.0,33.94,8,2024,2024-08-10
240,5906483,20.1718,99.413,20,16.56,33.67,10,2024,2024-10-29
241,5906480,6.8727,-114.6609,273,14.09,35.41,1,2025,2025-01-25
242,5906479,48.6123,108.7679,23,21.25,34.15,10,2024,2024-10-25
243,5906481,72.8077,149.5933,181,-2.0,31.45,10,2024,2024-10-29
244,5906476,31.1104,35.9991,436,9.8,37.44,3,2025,2025-03-30
245,5906472,-31.9506,117.3038,17,8.84,34.11,9,2024,2024-09-17
246,5906486,-32.4725,53.2954,256,-1.81,34.57,12,2024,2024-12-06
247,5906478,18.4793,116.9205,1581,2.24,36.6,12,2024,2024-12-30
248,5906486,-5.4454,94.8189,318,10.4,35.71,11,2024,2024-11-16
249,5906472,68.5518,-10.5466,22,-2.0,31.9,1,2025,2025-01-06
250,5906476,-3.0461,-144.5819,1249,8.24,36.34,1,2024,2024-01-06
251,5906470,34.7514,19.9346,19,23.14,38.92,7,2024,2024-07-05
252,5906479,56.8387,-24.7382,1914,2.0,38.31,11,2024,2024-11-24
253,5906478,78.1406,-30.4656,37,4.5,31.06,5,2024,2024-05-13
254,5906484,24.5804,-37.0397,1698,3.64,37.37,9,2024,2024-09-26
255,5906487,30.6816,-81.7055,308,-1.81,34.65,3,2025,2025-03-25
256,5906489,16.3347,-55.0444,36,25.19,35.86,3,2024,2024-03-19
257,5906470,-40.5365,116.2751,23,4.36,34.37,3,2024,2024-03-27
258,5906474,43.4126,-10.9791,187,0.34,34.91,4,2024,2024-04-03
259,5906478,39.3127,-17.8874,141,8.64,36.09,2,2024,2024-02-19
260,5906485,2.0422,91.5075,1924,2.12,37.85,7,2024,2024-07-27
261,5906479,66.729,-147.6567,403,-2.0,33.21,7,2024,2024-07-24
262,5906483,16.1958,99.4665,523,5.41,35.83,4,2024,2024-04-14
263,5906485,71.5521,86.4029,49,4.71,31.51,7,2024,2024-07-03
264,5906480,13.2114,87.171,114,17.8,35.98,1,2024,2024-01-05
265,5906482,74.487,43.2908,394,-2.0,33.62,9,2024,2024-09-19
266,5906470,-44.1602,30.5235,661,-2.0,34.49,5,2024,2024-05-02
267,5906480,74.7732,161.3587,100,0.07,31.41,5,2024,2024-05-07
268,5906484,-23.5572,94.9297,1795,3.31,37.67,11,2024,2024-11-01
269,5906476,-6.9314,-130.2704,104,22.59,35.1,4,2024,2024-04-16
270,5906486,-19.4402,40.7246,1677,4.29,36.8,12,2024,2024-12-13
271,5906489,-29.3799,119.5631,135,16.56,35.28,1,2024,2024-01-11
272,5906481,15.9002,61.5053,10,25.81,35.85,6,2024,2024-06-09
273,5906479,22.2496,9.7996,355,5.99,35.01,10,2024,2024-10-05
274,5906486,48.8337,68.9404,646,5.63,34.62,1,2024,2024-01-31
275,5906481,1.2958,-104.3512,31,24.7,35.04,12,2024,2024-12-26
276,5906474,-38.9048,101.0838,485,-2.0,34.32,7,2024,2024-07-25
277,5906473,65.6028,176.5458,38,-1.48,33.13,8,2024,2024-08-08
278,5906484,43.6184,11.7343,91,21.49,38.73,9,2024,2024-09-07
279,5906484,33.423,-47.5329,154,0.54,35.6,8,2024,2024-08-19
280,5906475,35.1343,10.2956,30,20.9,38.37,6,2024,2024-06-18
281,5906487,21.435,-10.05,26,27.04,36.01,10,2024,2024-10-27
282,5906478,4.9057,74.9427,168,16.07,35.38,3,2024,2024-03-15
283,5906479,5.6671,-104.9106,82,25.21,34.68,10,2024,2024-10-18
284,5906480,37.5404,109.1825,1852,2.0,36.42,8,2024,2024-08-10
285,5906487,-38.2698,74.3701,51,5.06,34.72,4,2024,2024-04-25
286,5906481,28.5759,-90.181,78,12.75,34.65,12,2024,2024-12-26
287,5906483,2.3306,85.6676,1134,4.95,36.69,7,2024,2024-07-24
288,5906481,-8.6152,-145.6627,119,20.59,35.4,12,2024,2024-12-31
289,5906482,37.8725,-8.5887,402,0.63,34.27,7,2024,2024-07-15
290,5906488,33.596,37.3498,76,14.41,38.28,2,2025,2025-02-18
291,5906474,43.1195,22.1661,68,16.78,38.42,2,2024,2024-02-26
292,5906484,-32.3812,-103.8399,27,2.29,34.55,9,2024,2024-09-25
293,5906486,73.1153,-176.0299,68,-1.57,31.25,1,2024,2024-01-23
294,5906479,44.9445,79.4493,60,12.19,34.88,8,2024,2024-08-31
295,5906488,22.6104,81.8251,101,8.72,35.06,6,2024,2024-06-16
296,5906489,42.3178,8.3221,136,14.99,37.66,3,2024,2024-03-31
297,5906479,23.1309,-35.98,41,11.26,34.06,2,2025,2025-02-07
298,5906484,24.4344,-13.5014,387,12.31,36.17,1,2025,2025-01-20
299,5906488,-39.6763,-59.4081,90,6.67,34.87,2,2024,2024-02-29
300,5906473,-2.4785,-173.2477,50,27.9,34.91,3,2024,2024-03-10
301,5906474,54.8203,-42.7493,444,-2.0,36.46,3,2025,2025-03-07
302,5906475,0.603,93.3734,424,10.77,35.25,7,2024,2024-07-08
303,5906483,17.8684,-15.8229,141,19.69,36.38,1,2025,2025-01-15
304,5906472,24.1917,-25.0041,182,14.15,35.87,7,2024,2024-07-23
305,5906472,-9.0757,-134.9662,237,14.32,35.21,8,2024,2024-08-05
306,5906472,9.164,-49.0871,14,23.15,36.8,2,2025,2025-02-28
307,5906484,-9.2918,-101.3464,126,19.54,35.52,6,2024,2024-06-27
308,5906488,-38.6924,93.2314,49,6.02,33.93,2,2024,2024-02-02
309,5906476,3.4136,-84.4169,14,27.66,35.34,11,2024,2024-11-13
310,5906488,-7.8147,68.3406,1085,6.6,36.35,2,2024,2024-02-14
311,5906475,38.6247,15.1193,73,13.5,37.53,2,2025,2025-02-10
312,5906487,19.3076,-36.4876,30,28.57,35.61,9,2024,2024-09-16
313,5906480,49.4145,-30.3186,87,11.25,35.36,4,2024,2024-04-26
314,5906470,31.8078,-50.9202,73,10.89,35.58,9,2024,2024-09-14
315,5906487,32.1557,26.9022,1713,2.0,39.46,3,2024,2024-03-15
316,5906475,21.0103,-19.0295,16,26.24,35.72,1,2024,2024-01-13
317,5906486,34.8804,-97.208,79,8.54,34.43,1,2024,2024-01-29
318,5906484,42.0526,22.1426,1700,2.0,39.93,3,2024,2024-03-11
319,5906487,70.2586,-171.9055,1611,2.0,33.03,3,2024,2024-03-14
320,5906488,40.6317,-36.1638,78,16.13,36.12,2,2024,2024-02-22
321,5906475,36.982,-35.8819,78,9.15,35.99,7,2024,2024-07-25
322,5906488,74.2663,-16.4143,134,-2.0,34.0,6,2024,2024-06-15
323,5906480,39.7674,-10.2969,450,-1.52,36.68,2,2024,2024-02-12
324,5906472,-59.6071,-66.4382,133,5.83,34.91,2,2025,2025-02-24
325,5906471,-45.701,-46.9691,26,7.89,34.51,7,2024,2024-07-17
326,5906473,37.2586,-64.0598,145,2.22,35.48,2,2024,2024-02-22
327,5906473,-59.2279,-136.1363,79,9.32,34.01,2,2025,2025-02-11
328,5906483,66.3515,79.7829,394,-2.0,32.66,12,2024,2024-12-28
329,5906482,-14.5456,119.5262,134,19.71,35.38,12,2024,2024-12-05
330,5906485,6.1893,-179.8823,157,20.38,34.78,5,2024,2024-05-12
331,5906473,40.5293,17.4651,32,15.75,37.62,12,2024,2024-12-01
332,5906473,3.6817,-98.6678,117,19.81,34.43,1,2025,2025-01-10
333,5906482,37.6079,5.6037,46,15.15,38.27,1,2024,2024-01-09
334,5906477,46.2001,-33.7947,638,-2.0,35.47,2,2024,2024-02-27
335,5906477,44.9515,-18.3435,94,16.97,36.17,4,2024,2024-04-22
336,5906477,17.2156,93.2056,30,21.69,34.6,1,2025,2025-01-28
337,5906477,18.7694,43.2211,18,20.9,35.34,7,2024,2024-07-20
338,5906474,-4.0393,77.5499,338,5.28,35.74,8,2024,2024-08-16
339,5906474,76.0516,77.9548,484,-2.0,32.44,3,2025,2025-03-07
340,5906480,12.1836,-21.2434,92,21.58,36.64,2,2025,2025-02-16
341,5906478,-37.6869,-47.6979,28,3.42,34.66,2,2025,2025-02-09
342,5906475,69.5146,101.4871,387,-2.0,30.57,11,2024,2024-11-30
343,5906487,-7.5301,-44.8434,841,6.19,37.33,4,2024,2024-04-13
344,5906476,-56.9006,-86.1246,23,8.56,34.46,7,2024,2024-07-09
345,5906473,0.6555,-116.4091,261,14.07,35.74,7,2024,2024-07-16
346,5906471,6.6136,-147.517,456,13.52,35.49,7,2024,2024-07-05
347,5906480,-26.0078,60.6607,161,13.23,35.3,3,2024,2024-03-11
348,5906489,43.1534,-48.3431,125,11.98,35.76,4,2024,2024-04-17
349,5906489,33.2844,3.2629,41,23.92,37.67,8,2024,2024-08-07
350,5906475,5.3745,52.4996,76,22.8,34.75,5,2024,2024-05-21
351,5906481,65.1917,7.0801,28,4.24,33.22,9,2024,2024-09-15
352,5906476,-48.451,14.5611,113,5.46,34.35,3,2024,2024-03-24
353,5906484,-43.2127,-74.2358,1146,2.0,35.53,7,2024,2024-07-21
354,5906471,62.073,-26.3677,30,20.42,35.97,9,2024,2024-09-21
355,5906472,31.2281,14.9874,97,18.43,38.4,5,2024,2024-05-29
356,5906484,76.1644,25.2736,1303,2.0,34.23,2,2025,2025-02-12
357,5906486,32.6194,7.5856,43,23.35,38.4,1,2024,2024-01-06
358,5906489,32.8484,16.0294,40,25.12,37.2,7,2024,2024-07-13
359,5906486,1.7785,-21.8826,26,25.01,36.58,3,2024,2024-03-25
360,5906478,-42.1511,-94.5818,32,7.4,34.23,12,2024,2024-12-11
361,5906489,59.6499,-55.0384,34,18.58,35.15,11,2024,2024-11-06
362,5906477,-8.2525,60.1255,130,18.26,35.68,5,2024,2024-05-14
363,5906481,66.5885,89.1705,74,-1.35,32.0,1,2025,2025-01-11
364,5906478,22.3673,1.7914,1947,2.0,36.9,3,2024,2024-03-25
365,5906471,36.4435,-19.8447,35,12.71,34.59,5,2024,2024-05-16
366,5906482,65.4576,-0.8628,771,-2.0,33.65,7,2024,2024-07-17
367,5906488,-6.7892,-86.6553,10,27.15,34.91,1,2025,2025-01-09
368,5906474,7.1663,-178.7718,27,26.27,34.25,1,2025,2025-01-01
369,5906483,-1.6827,-178.9541,296,16.0,35.26,3,2024,2024-03-26
370,5906478,-0.0688,-107.6983,303,14.26,35.18,6,2024,2024-06-20
371,5906473,37.495,17.2775,1113,2.0,38.95,8,2024,2024-08-04
372,5906485,11.3514,-41.5721,19,25.34,36.6,6,2024,2024-06-26
373,5906489,-14.4819,70.864,300,9.84,35.94,1,2024,2024-01-13
374,5906472,-37.8945,32.6016,11,5.97,34.16,12,2024,2024-12-25
375,5906483,33.7087,-28.7505,399,-2.0,35.38,2,2025,2025-02-17
376,5906485,-49.379,-21.6544,15,0.38,33.98,3,2024,2024-03-16
377,5906473,32.5845,23.3443,92,10.86,33.78,5,2024,2024-05-09
378,5906471,8.9594,91.7892,173,9.42,35.01,10,2024,2024-10-28
379,5906489,-7.5006,-32.0887,1901,2.92,38.56,4,2024,2024-04-26
380,5906474,41.1058,-14.8239,763,-2.0,36.01,6,2024,2024-06-13
381,5906488,5.9747,-174.1738,30,26.83,34.13,8,2024,2024-08-13
382,5906489,74.2271,67.5728,87,3.12,33.22,11,2024,2024-11-28
383,5906480,-42.8758,-88.9206,81,8.21,33.97,9,2024,2024-09-26
384,5906483,60.3364,-44.8472,494,2.67,36.15,2,2025,2025-02-09
385,5906476,5.2124,-147.3854,113,21.1,34.54,5,2024,2024-05-08
386,5906483,38.2249,29.1948,18,16.28,38.18,2,2025,2025-02-18
387,5906476,-1.6988,-95.172,95,21.91,35.16,7,2024,2024-07-18
388,5906475,-10.4636,116.3733,477,6.47,35.97,3,2024,2024-03-21
389,5906485,-42.6683,46.8425,13,12.19,34.15,1,2024,2024-01-16
390,5906486,8.0121,114.3095,130,13.58,35.29,1,2024,2024-01-02
391,5906482,40.0013,27.5698,294,10.35,38.11,4,2024,2024-04-17
392,5906489,50.7424,-68.2148,694,-2.0,35.31,3,2024,2024-03-25
393,5906473,48.4489,-58.4154,130,7.36,36.05,4,2024,2024-04-17
394,5906489,26.8513,-24.4612,116,21.58,36.25,2,2024,2024-02-13
395,5906488,-7.1849,-84.9447,338,13.01,35.1,11,2024,2024-11-13
396,5906487,-49.2024,161.3407,48,1.37,34.4,1,2025,2025-01-29
397,5906484,-4.1802,-139.7943,431,13.55,35.04,2,2025,2025-02-16
398,5906482,30.3029,6.2842,112,11.12,39.02,4,2024,2024-04-23
399,5906482,-5.1073,-124.155,26,29.84,34.9,1,2025,2025-01-20
400,5906471,47.5844,-82.2604,337,-2.0,34.06,2,2024,2024-02-07
401,5906485,24.0671,-115.9236,1723,2.0,36.54,2,2025,2025-02-26
402,5906476,59.8365,58.1731,1570,2.0,36.55,3,2025,2025-03-29
403,5906472,65.5368,18.728,413,-2.0,32.93,6,2024,2024-06-17
404,5906485,36.524,26.8291,293,6.9,37.46,12,2024,2024-12-07
405,5906487,-51.9861,170.5901,59,4.61,33.94,12,2024,2024-12-04
406,5906470,-2.6927,-25.1899,1684,6.26,38.4,2,2025,2025-02-07
407,5906471,-27.8066,90.7906,36,20.58,35.28,3,2025,2025-03-12
408,5906475,17.8435,-46.7894,55,23.2,35.72,2,2025,2025-02-17
409,5906480,-5.6205,113.9779,838,2.16,36.82,3,2024,2024-03-06
410,5906475,44.9366,34.2713,1786,2.0,38.82,11,2024,2024-11-26
411,5906489,65.5195,174.5686,406,-2.0,30.82,11,2024,2024-11-28
412,5906481,44.2776,-100.9242,92,18.09,34.66,1,2024,2024-01-10
413,5906476,-2.4076,-55.3483,977,4.92,37.74,10,2024,2024-10-30
414,5906484,16.8361,-52.5566,148,18.37,35.8,3,2025,2025-03-12
415,5906485,23.0108,-69.7643,1384,2.0,35.44,9,2024,2024-09-15
416,5906470,29.0752,-10.6023,1572,6.25,37.52,9,2024,2024-09-19
417,5906480,74.6582,138.7305,15,0.65,33.6,1,2025,2025-01-17
418,5906486,74.5365,77.8079,1073,2.0,33.1,3,2024,2024-03-22
419,5906476,6.993,-57.6588,1870,6.06,38.66,10,2024,2024-10-08
420,5906488,-6.5102,88.1041,212,12.61,34.98,6,2024,2024-06-23
421,5906474,50.4206,-34.1817,26,13.54,35.22,6,2024,2024-06-07
422,5906471,42.8328,27.4544,418,5.62,37.53,1,2025,2025-01-09
423,5906477,11.9086,48.0411,10,22.57,35.34,12,2024,2024-12-25
424,5906483,-51.4964,154.6364,1777,2.0,36.47,6,2024,2024-06-22
425,5906472,-25.9327,115.7799,57,25.51,35.82,2,2025,2025-02-15
426,5906479,66.2248,37.4259,118,-2.0,32.0,2,2024,2024-02-25
427,5906478,0.1427,-42.9396,83,20.71,36.76,12,2024,2024-12-12
428,5906485,35.7822,-18.859,12,11.98,35.8,2,2024,2024-02-26
429,5906480,-56.9319,142.2089,45,10.37,33.91,2,2024,2024-02-12
430,5906483,33.9607,21.0228,38,21.6,38.16,5,2024,2024-05-03
431,5906488,8.5061,-59.2486,19,23.37,36.61,12,2024,2024-12-12
432,5906476,76.0759,120.2086,32,7.08,33.7,4,2024,2024-04-29
433,5906478,70.3561,11.696,142,-0.28,33.91,8,2024,2024-08-26
434,5906470,56.316,-21.6733,1397,2.0,37.47,1,2024,2024-01-03
435,5906472,77.0661,53.1592,37,1.96,33.52,1,2024,2024-01-04
436,5906485,3.2429,98.4151,27,27.53,34.74,6,2024,2024-06-26
437,5906488,58.4438,-29.312,98,12.56,36.08,1,2024,2024-01-23
438,5906480,29.4219,-33.1513,40,27.87,35.75,9,2024,2024-09-06
439,5906486,69.6013,84.8175,1520,2.0,31.77,3,2025,2025-03-22
440,5906472,37.188,-18.7906,14,22.68,33.71,3,2025,2025-03-16
441,5906489,9.1929,63.4513,1620,2.92,36.24,3,2025,2025-03-18
442,5906482,73.2262,-151.5121,42,7.04,32.92,7,2024,2024-07-23
443,5906484,19.6388,-11.3903,22,26.16,35.76,7,2024,2024-07-11
444,5906476,7.0539,-81.0972,1961,5.42,36.99,1,2024,2024-01-14
445,5906482,-59.4759,69.3662,136,0.93,34.24,5,2024,2024-05-16
446,5906484,7.8328,51.7362,33,19.93,34.61,5,2024,2024-05-12
447,5906487,-30.2987,-149.9492,219,-2.0,34.88,1,2024,2024-01-29
448,5906473,17.483,-59.3694,35,27.91,36.05,8,2024,2024-08-13
449,5906485,21.4203,49.4483,21,23.26,34.81,7,2024,2024-07-24
450,5906483,-23.1068,86.0874,116,14.26,34.64,5,2024,2024-05-25
451,5906481,5.1651,-83.8564,33,24.72,35.13,12,2024,2024-12-07
452,5906489,77.4032,-66.0632,45,-0.28,31.89,1,2024,2024-01-04
453,5906476,26.8635,-23.6404,71,25.08,36.63,7,2024,2024-07-23
454,5906482,60.9132,-54.5091,850,-2.0,35.56,8,2024,2024-08-31
455,5906485,75.399,-176.9351,1337,2.0,34.21,12,2024,2024-12-20
456,5906481,19.3574,-48.2415,70,22.49,36.66,11,2024,2024-11-24
457,5906473,26.9983,15.1185,43,14.31,34.71,9,2024,2024-09-16
458,5906483,31.6642,32.1999,18,17.05,38.59,8,2024,2024-08-03
459,5906481,50.5976,45.8083,38,11.89,34.02,8,2024,2024-08-07
460,5906487,50.0817,-46.2112,1341,2.09,34.89,1,2024,2024-01-15
461,5906478,16.7752,93.8139,14,26.49,35.33,1,2025,2025-01-17
462,5906488,20.6664,68.0466,91,10.98,33.61,8,2024,2024-08-12
463,5906483,79.199,-63.7539,32,-0.12,30.22,1,2024,2024-01-25
464,5906475,39.0563,14.4057,164,9.62,38.17,1,2024,2024-01-31
465,5906484,42.0859,-51.1317,1960,2.0,36.7,6,2024,2024-06-20
466,5906483,-2.3775,-174.0616,18,27.2,34.83,2,2025,2025-02-14
467,5906488,60.3153,-39.0492,49,14.67,36.26,11,2024,2024-11-29
468,5906474,58.8776,-25.3208,1792,2.0,36.49,1,2024,2024-01-11
469,5906485,40.6164,-68.1746,150,2.06,34.38,6,2024,2024-06-10
470,5906474,-52.0642,147.0113,83,-2.0,34.66,1,2024,2024-01-19
471,5906471,-5.0439,-46.7087,895,8.32,37.25,3,2024,2024-03-13
472,5906479,39.6956,22.8534,112,17.08,38.75,6,2024,2024-06-28
473,5906474,70.0343,75.1175,138,-2.0,34.13,7,2024,2024-07-25
474,5906472,33.14,18.01,39,17.06,38.2,1,2024,2024-01-22
475,5906485,-32.5049,0.3292,345,-2.0,34.56,12,2024,2024-12-17
476,5906481,-3.8472,-90.0108,32,28.13,34.72,4,2024,2024-04-05
477,5906485,41.1184,-67.8847,144,6.59,34.72,1,2024,2024-01-14
478,5906477,78.2178,-23.3404,21,4.54,34.46,7,2024,2024-07-02
479,5906472,-47.859,11.9036,1168,2.0,35.61,9,2024,2024-09-07
480,5906475,39.5861,-62.6178,796,-2.0,36.26,1,2024,2024-01-24
481,5906483,14.3024,-38.8427,30,25.53,36.62,1,2024,2024-01-10
482,5906471,14.171,83.2383,556,6.14,36.33,2,2024,2024-02-04
483,5906471,-56.122,-156.2667,385,-2.0,35.09,10,2024,2024-10-24
484,5906478,42.1375,29.8486,824,-2.0,39.45,11,2024,2024-11-17
485,5906475,36.8476,10.1628,1781,2.0,38.86,6,2024,2024-06-18
486,5906479,-3.9043,-48.25,419,13.77,35.94,2,2024,2024-02-07
487,5906473,17.9647,-54.6554,1803,3.93,38.65,1,2024,2024-01-06
488,5906475,1.3596,-177.9429,209,15.85,35.63,6,2024,2024-06-05
489,5906474,3.5244,57.6277,380,6.88,34.89,10,2024,2024-10-19
490,5906488,64.9072,-16.7715,281,-2.0,35.55,2,2025,2025-02-10
491,5906472,49.3227,-30.1297,219,8.01,34.44,11,2024,2024-11-02
492,5906488,-2.0888,-18.5815,349,12.84,37.07,12,2024,2024-12-30
493,5906483,33.3652,13.1703,1984,2.0,40.0,8,2024,2024-08-22
494,5906479,44.1924,-54.7914,18,15.1,36.15,10,2024,2024-10-17
495,5906485,79.9703,128.8429,1067,2.0,33.37,3,2025,2025-03-28
496,5906482,25.5989,43.8858,1756,2.0,36.32,9,2024,2024-09-23
497,5906474,44.2684,-51.2186,27,20.52,36.35,9,2024,2024-09-27
498,5906471,71.0507,136.1601,287,-2.0,31.36,1,2025,2025-01-13
499,5906487,2.0356,-82.9382,259,13.58,35.43,10,2024,2024-10-26
500,5906474,37.2796,4.0251,296,2.26,38.51,3,2025,2025-03-02
501,5906485,42.5523,18.0499,1465,2.0,38.82,9,2024,2024-09-01
502,5906484,77.2721,104.4213,13,5.6,32.15,9,2024,2024-09-19
503,5906489,56.9435,-27.4695,613,7.32,34.16,8,2024,2024-08-18
504,5906489,9.2441,-136.7989,91,25.7,35.55,7,2024,2024-07-05
505,5906487,-3.8613,-143.5455,1966,6.27,36.3,9,2024,2024-09-28
506,5906471,1.6248,94.3922,92,23.28,35.83,10,2024,2024-10-17
507,5906481,77.1443,-25.9931,89,-1.55,33.61,1,2024,2024-01-18
508,5906477,56.9307,117.5708,97,17.66,34.34,11,2024,2024-11-17
509,5906470,46.884,-45.0165,192,-0.64,34.13,1,2025,2025-01-01
510,5906475,13.5642,41.9773,1967,2.0,37.15,3,2025,2025-03-23
511,5906477,38.0674,34.6992,466,9.86,38.02,5,2024,2024-05-12
512,5906476,4.6123,106.2081,1189,6.22,35.76,9,2024,2024-09-21
513,5906475,51.2675,-66.9387,56,17.14,35.96,8,2024,2024-08-06
514,5906472,2.1917,70.9626,409,9.9,35.46,8,2024,2024-08-20
515,5906475,33.7102,39.2871,71,18.08,38.93,2,2024,2024-02-20
516,5906473,75.0683,-108.7289,103,0.93,30.41,4,2024,2024-04-28
517,5906470,23.0226,-30.5824,30,23.27,36.36,3,2025,2025-03-16
518,5906476,-8.3302,-29.2513,35,24.91,36.02,5,2024,2024-05-08
519,5906484,-49.0367,59.3881,96,3.38,34.13,5,2024,2024-05-01
520,5906475,-26.2104,110.0313,406,11.72,35.24,11,2024,2024-11-24
521,5906485,21.8179,-31.979,65,25.95,36.9,3,2024,2024-03-02
522,5906486,2.1647,-162.4214,1698,4.61,36.37,8,2024,2024-08-10
523,5906474,43.453,-13.1481,25,17.19,33.8,5,2024,2024-05-08
524,5906474,69.3852,-96.841,22,5.22,34.03,7,2024,2024-07-03
525,5906489,23.9982,-47.5206,37,9.77,34.43,2,2024,2024-02-22
526,5906472,50.6578,-29.6244,133,6.61,36.57,4,2024,2024-04-21
527,5906479,-44.997,37.8928,90,7.85,34.74,3,2024,2024-03-08
528,5906483,-31.7981,-170.7408,59,4.77,34.51,1,2024,2024-01-02
529,5906488,-4.4402,105.8235,43,19.51,35.99,6,2024,2024-06-30
530,5906484,1.203,-15.3041,22,28.8,36.03,9,2024,2024-09-04
531,5906482,22.7305,-69.1097,57,9.6,34.19,11,2024,2024-11-30
532,5906480,-49.6515,159.4815,1642,2.0,36.27,9,2024,2024-09-24
533,5906473,44.6281,-33.1231,1904,2.0,38.3,12,2024,2024-12-05
534,5906488,7.8615,-157.469,32,25.91,34.7,4,2024,2024-04-14
535,5906481,25.5348,82.6564,235,2.21,34.37,11,2024,2024-11-04
536,5906482,76.1456,134.4342,97,1.99,31.51,1,2025,2025-01-17
537,5906484,-9.8785,-87.1203,1823,4.36,37.06,10,2024,2024-10-18
538,5906471,39.0868,20.5399,15,18.1,38.34,8,2024,2024-08-22
539,5906482,56.8638,-22.7933,966,-2.0,35.62,6,2024,2024-06-04
540,5906488,-4.9035,71.3277,90,19.33,35.21,8,2024,2024-08-26
541,5906487,1.0064,-100.8556,47,26.26,35.35,12,2024,2024-12-12
542,5906473,41.5087,25.9518,48,21.34,38.27,2,2024,2024-02-15
543,5906475,65.5255,95.1594,21,-1.76,32.73,1,2025,2025-01-21
544,5906474,34.6777,1.3878,22,19.1,38.2,2,2025,2025-02-08
545,5906478,-9.5143,-112.2549,51,29.13,34.57,3,2025,2025-03-08
546,5906477,52.5682,-42.9434,28,10.46,34.77,9,2024,2024-09-16
547,5906481,55.6031,10.1208,119,5.61,34.12,5,2024,2024-05-17
548,5906481,5.7495,112.8383,56,18.93,35.56,9,2024,2024-09-14
549,5906487,-51.7809,-121.1334,394,-2.0,34.91,5,2024,2024-05-24
550,5906474,42.6647,35.4975,921,-0.81,38.37,12,2024,2024-12-03
551,5906483,44.7632,-50.2058,117,14.87,34.73,9,2024,2024-09-29
552,5906474,25.7548,-30.52,172,14.61,37.06,3,2025,2025-03-24
553,5906476,-9.6117,-22.0111,633,9.24,36.5,2,2024,2024-02-06
554,5906479,75.702,49.8774,177,-2.0,34.19,2,2024,2024-02-12
555,5906471,-4.6712,-56.3018,1614,5.24,37.21,12,2024,2024-12-09
556,5906475,33.6236,20.7869,29,16.73,38.57,12,2024,2024-12-18
557,5906487,55.8398,-63.7832,279,-2.0,34.49,2,2025,2025-02-27
558,5906472,19.7738,79.3176,1364,4.29,36.11,3,2025,2025-03-29
559,5906475,76.3348,-176.194,1405,2.0,31.98,1,2025,2025-01-26
560,5906479,-21.2935,110.3058,62,17.77,35.65,7,2024,2024-07-10
561,5906487,76.9179,-89.4709,70,-1.35,32.6,2,2025,2025-02-06
562,5906473,2.8068,-31.0872,340,13.44,36.47,1,2025,2025-01-22
563,5906479,45.4086,-48.2435,251,8.56,34.67,1,2025,2025-01-15
564,5906480,10.213,101.5996,31,21.53,35.64,2,2024,2024-02-06
565,5906471,54.8455,-15.7871,116,4.81,33.94,11,2024,2024-11-07
566,5906481,-3.9391,-154.7825,1456,7.51,35.6,10,2024,2024-10-29
567,5906488,33.8346,24.0069,107,19.21,38.55,4,2024,2024-04-10
568,5906475,7.5595,117.2092,22,21.1,35.07,9,2024,2024-09-14
569,5906476,58.5322,-19.4255,1151,2.0,37.07,1,2025,2025-01-11
570,5906486,-5.915,-82.6585,393,11.08,35.6,6,2024,2024-06-16
571,5906484,70.3081,8.9437,715,-2.0,34.35,6,2024,2024-06-02
572,5906484,63.2991,-15.9321,43,18.45,35.42,3,2024,2024-03-30
573,5906480,38.1703,13.3046,149,10.03,37.3,11,2024,2024-11-07
574,5906486,-55.0033,164.121,111,3.32,34.69,2,2025,2025-02-21
575,5906481,31.2594,12.6776,70,16.94,37.74,6,2024,2024-06-17
576,5906486,31.174,6.1001,35,21.72,34.13,5,2024,2024-05-30
577,5906479,-21.1716,110.55,85,21.21,35.37,9,2024,2024-09-20
578,5906471,9.5922,-97.4573,24,27.3,35.29,10,2024,2024-10-28
579,5906480,39.4748,10.6126,78,15.79,38.56,5,2024,2024-05-14
580,5906475,38.3819,24.6298,1927,2.0,39.15,10,2024,2024-10-24
581,5906482,66.7627,-32.8088,13,2.66,33.45,11,2024,2024-11-01
582,5906483,-38.6637,30.601,511,-2.0,34.55,3,2024,2024-03-22
583,5906471,-4.0602,-114.2468,105,21.87,34.65,3,2025,2025-03-04
584,5906488,32.3969,6.4464,76,17.23,38.4,9,2024,2024-09-17
585,5906483,24.6189,82.2422,87,11.25,34.29,1,2025,2025-01-26
586,5906484,-32.4169,-154.6314,1974,2.0,36.29,7,2024,2024-07-08
587,5906488,78.7488,-64.4902,43,3.79,33.69,9,2024,2024-09-20
588,5906474,-1.2214,-170.1691,46,25.22,34.51,6,2024,2024-06-01
589,5906470,42.4343,26.3178,1978,2.0,39.82,6,2024,2024-06-27
590,5906487,3.7529,-27.0118,452,8.71,37.45,3,2024,2024-03-01
591,5906476,-48.1216,-133.8866,20,6.59,34.56,1,2024,2024-01-12
592,5906484,38.5616,6.6204,552,1.45,37.64,11,2024,2024-11-16
593,5906486,16.3329,46.6577,61,22.2,35.32,12,2024,2024-12-20
594,5906471,-56.6121,45.2468,32,0.68,34.49,11,2024,2024-11-02
595,5906471,39.7385,16.7887,87,16.9,38.68,12,2024,2024-12-04
596,5906487,-57.6269,-67.737,547,-2.0,34.87,1,2025,2025-01-01
597,5906480,7.7292,-107.8774,546,10.51,35.79,9,2024,2024-09-01
598,5906486,46.0921,-75.1142,90,13.93,34.06,9,2024,2024-09-12
599,5906473,-44.2444,35.4053,1072,2.0,35.14,5,2024,2024-05-21
600,5906473,72.381,177.8653,135,-2.0,33.38,4,2024,2024-04-02
601,5906475,39.3562,8.5139,1506,2.0,40.0,1,2024,2024-01-27
602,5906472,48.2618,-53.9054,411,3.32,36.14,7,2024,2024-07-20
603,5906473,-2.3359,103.0446,27,25.35,34.71,2,2025,2025-02-20
604,5906473,69.6189,96.9251,46,-0.55,33.09,3,2025,2025-03-16
605,5906485,26.1825,102.7889,368,-0.95,33.89,2,2025,2025-02-13
606,5906476,24.3903,-79.3514,1773,2.0,36.37,11,2024,2024-11-08
607,5906489,53.387,-26.3274,83,16.24,34.96,7,2024,2024-07-28
608,5906473,12.9469,-19.9743,747,8.34,36.63,10,2024,2024-10-10
609,5906481,40.5684,20.4302,234,3.93,37.59,12,2024,2024-12-22
610,5906475,63.8056,-16.2804,69,8.15,35.59,5,2024,2024-05-26
611,5906480,45.2421,-59.793,1939,2.0,37.98,7,2024,2024-07-27
612,5906476,31.4574,2.7281,51,22.9,37.83,3,2025,2025-03-21
613,5906483,78.6872,26.2194,73,1.43,30.37,8,2024,2024-08-03
614,5906477,54.5986,61.7331,1358,2.0,35.69,4,2024,2024-04-21
615,5906471,26.6686,68.9836,143,13.2,34.98,12,2024,2024-12-23
616,5906485,47.8012,-92.0522,646,3.53,34.94,10,2024,2024-10-05
617,5906474,59.9279,-39.1831,17,10.04,35.17,2,2025,2025-02-04
618,5906483,30.8206,-17.1068,1510,2.0,37.11,6,2024,2024-06-04
619,5906478,-55.1023,159.0209,12,15.28,34.17,2,2024,2024-02-01
620,5906482,78.269,9.5901,271,-2.0,32.8,1,2024,2024-01-17
621,5906473,-1.0476,102.3613,126,16.02,35.14,8,2024,2024-08-11
622,5906483,-39.1028,74.4399,71,-0.4,34.0,1,2024,2024-01-11
623,5906470,44.0591,30.2479,96,18.79,37.59,6,2024,2024-06-10
624,5906485,1.6831,-39.3798,88,22.12,35.76,11,2024,2024-11-12
625,5906472,-53.2928,-59.9747,633,-2.0,34.68,2,2025,2025-02-26
626,5906473,67.9564,50.6769,99,-2.0,33.01,12,2024,2024-12-15
627,5906471,-33.5982,156.4285,104,3.06,34.14,6,2024,2024-06-19
628,5906480,58.1805,-42.2986,20,14.34,34.81,11,2024,2024-11-11
629,5906480,52.8085,-89.1478,40,19.9,34.59,4,2024,2024-04-17
630,5906485,56.0313,-102.6114,1715,2.0,35.88,12,2024,2024-12-26
631,5906476,-54.755,-2.3867,252,-2.0,34.71,4,2024,2024-04-14
632,5906487,-7.1081,-133.2514,21,29.13,35.48,3,2024,2024-03-28
633,5906473,2.7393,-91.3962,48,26.8,35.52,7,2024,2024-07-18
634,5906476,65.4306,-143.5049,65,1.31,32.64,7,2024,2024-07-22
635,5906476,-4.1223,-36.0613,233,14.14,37.09,1,2024,2024-01-04
636,5906475,-57.1082,30.7132,1685,2.0,35.97,11,2024,2024-11-23
637,5906475,25.895,-104.014,1800,2.0,35.4,2,2025,2025-02-11
638,5906474,18.6448,-33.1302,1726,4.29,37.25,6,2024,2024-06-10
639,5906488,69.9086,-65.9751,372,-2.0,32.63,1,2024,2024-01-28
640,5906479,-28.6776,119.6015,93,22.02,35.78,7,2024,2024-07-30
641,5906470,-43.4413,49.4566,33,6.66,34.12,9,2024,2024-09-05
642,5906470,73.5251,8.4727,25,0.7,34.23,12,2024,2024-12-05
643,5906476,-8.6857,-139.7268,32,29.2,34.65,1,2024,2024-01-25
644,5906488,-55.4006,-63.9824,20,7.25,34.72,9,2024,2024-09-19
645,5906489,-28.924,96.0198,51,23.33,34.55,10,2024,2024-10-14
646,5906474,-0.2912,96.7378,490,8.94,35.54,3,2025,2025-03-28
647,5906472,-58.9894,87.5891,385,-2.0,35.09,4,2024,2024-04-07
648,5906480,39.4717,11.2944,1389,2.0,39.58,10,2024,2024-10-31
649,5906475,40.5174,-114.744,1319,2.0,36.08,1,2024,2024-01-04
650,5906470,76.1325,25.1039,48,2.36,33.99,10,2024,2024-10-06
651,5906477,32.6032,-59.6418,33,20.44,34.33,2,2025,2025-02-02
652,5906481,-2.9965,-112.3016,11,28.14,34.04,1,2025,2025-01-23
653,5906484,-53.0094,172.051,22,14.33,34.17,1,2024,2024-01-29
654,5906489,3.2773,-147.4716,95,22.14,35.32,3,2024,2024-03-24
655,5906474,9.1823,-168.6279,1186,5.34,35.66,11,2024,2024-11-10
656,5906488,-27.6362,117.8257,98,19.98,36.07,9,2024,2024-09-30
657,5906471,35.5078,-35.9937,394,0.72,36.08,7,2024,2024-07-15
658,5906487,37.015,0.986,327,2.25,38.93,2,2025,2025-02-22
659,5906474,39.843,35.6542,120,13.03,38.86,6,2024,2024-06-17
660,5906475,8.5477,-143.4883,357,12.91,34.41,6,2024,2024-06-23
661,5906474,32.9206,63.9404,91,11.25,34.39,3,2025,2025-03-28
662,5906471,37.4387,20.3091,1102,2.0,39.57,12,2024,2024-12-18
663,5906486,-14.4036,99.6406,85,22.32,35.97,7,2024,2024-07-10
664,5906482,-24.3357,107.2319,460,8.12,35.6,9,2024,2024-09-10
665,5906479,24.6931,-45.2013,273,12.48,36.13,12,2024,2024-12-13
666,5906480,35.3257,36.6037,32,23.69,37.67,3,2025,2025-03-11
667,5906489,14.6846,50.67,195,6.8,34.9,12,2024,2024-12-17
668,5906475,70.3022,33.7321,147,-2.0,31.28,8,2024,2024-08-26
669,5906480,36.3327,20.7903,1801,2.0,39.34,2,2025,2025-02-18
670,5906475,6.4745,-24.1944,1052,7.11,37.13,6,2024,2024-06-21
671,5906472,25.1411,61.8606,186,2.28,34.66,4,2024,2024-04-24
672,5906471,39.0884,107.0788,86,16.9,34.65,2,2024,2024-02-28
673,5906481,-24.5161,100.8266,73,23.58,35.04,2,2024,2024-02-26
674,5906475,-53.8015,55.5114,109,9.25,33.97,2,2025,2025-02-25
675,5906472,29.6969,25.291,38,15.43,35.02,2,2025,2025-02-03
676,5906483,-47.2913,8.1451,19,8.51,34.4,2,2024,2024-02-17
677,5906488,69.5305,-44.8569,517,-2.0,33.57,4,2024,2024-04-09
678,5906477,31.1956,10.4079,486,5.01,38.41,2,2024,2024-02-28
679,5906470,64.9811,-41.5546,1336,2.0,37.23,8,2024,2024-08-20
680,5906481,-31.2288,-164.148,569,-2.0,34.47,11,2024,2024-11-28
681,5906487,-56.3613,19.0133,36,6.31,34.74,3,2025,2025-03-23
682,5906479,25.3831,-37.8269,13,26.08,36.07,1,2025,2025-01-21
683,5906483,9.0559,-22.8489,296,15.16,36.26,8,2024,2024-08-11
684,5906488,-29.1265,93.6053,1541,2.0,36.81,11,2024,2024-11-03
685,5906476,47.5793,-102.1563,100,6.98,34.08,5,2024,2024-05-21
686,5906472,56.6642,-26.4029,295,2.95,34.84,1,2025,2025-01-02
687,5906474,-9.3145,-15.4975,1245,5.97,37.39,10,2024,2024-10-21
688,5906473,54.0352,-52.0767,23,11.68,34.99,2,2024,2024-02-01
689,5906479,-6.1826,-170.8473,1526,7.43,37.0,5,2024,2024-05-28
690,5906488,0.1791,79.938,414,11.21,35.7,11,2024,2024-11-20
691,5906470,60.4474,-29.1301,139,0.79,36.37,11,2024,2024-11-30
692,5906476,18.2008,-52.1006,454,11.17,36.33,12,2024,2024-12-21
693,5906472,44.9643,35.0922,1952,2.0,39.68,2,2025,2025-02-09
694,5906482,8.1156,60.0855,39,23.38,35.62,1,2025,2025-01-22
695,5906483,9.3388,-116.6511,19,26.13,35.2,3,2024,2024-03-18
696,5906489,29.6273,-31.9609,36,17.45,34.95,2,2024,2024-02-20
697,5906472,-44.353,-147.6101,24,2.68,33.97,2,2024,2024-02-18
698,5906480,65.8093,-97.1463,117,0.21,30.49,10,2024,2024-10-07
699,5906485,2.1372,-30.2521,32,27.9,36.9,9,2024,2024-09-05
700,5906484,70.4888,-26.0945,37,-0.47,32.11,2,2025,2025-02-10
701,5906472,76.289,53.0818,1393,2.0,31.59,2,2024,2024-02-07
702,5906481,-5.096,-31.55,35,25.14,35.77,10,2024,2024-10-18
703,5906481,72.9031,-68.1018,41,-0.98,31.22,1,2024,2024-01-11
704,5906484,40.7057,20.9079,1087,2.92,39.72,1,2025,2025-01-19
705,5906487,4.3351,-127.391,13,30.32,34.21,7,2024,2024-07-17
706,5906470,-2.2857,72.3288,49,24.21,35.6,7,2024,2024-07-02
707,5906478,-33.7704,-101.0207,312,-2.0,34.79,6,2024,2024-06-02
708,5906483,33.603,-8.6165,105,7.83,34.63,6,2024,2024-06-28
709,5906476,-52.9848,40.223,619,-2.0,34.92,3,2025,2025-03-18
710,5906474,42.1334,22.3062,23,24.1,37.13,7,2024,2024-07-01
711,5906485,41.0229,14.9122,49,17.27,33.9,10,2024,2024-10-22
712,5906489,37.3178,9.7238,29,22.77,38.76,6,2024,2024-06-18
713,5906473,71.0549,124.301,391,-2.0,34.02,4,2024,2024-04-17
714,5906489,71.7395,139.6532,48,-2.0,33.09,11,2024,2024-11-22
715,5906485,79.232,142.3719,188,-2.0,33.79,4,2024,2024-04-01
716,5906472,-0.253,-126.325,133,20.12,35.38,3,2024,2024-03-20
717,5906486,70.9016,-140.9366,40,-2.0,31.93,2,2025,2025-02-08
718,5906480,-9.0153,-89.8043,494,11.44,35.57,7,2024,2024-07-29
719,5906485,29.1326,-54.6478,42,26.45,36.75,7,2024,2024-07-11
720,5906485,-24.1822,76.7473,1808,2.0,37.5,8,2024,2024-08-22
721,5906480,20.3115,-52.7553,1989,4.69,38.93,3,2025,2025-03-19
722,5906477,-2.3641,68.776,454,5.32,35.43,9,2024,2024-09-22
723,5906487,13.9895,-30.0383,132,20.59,35.68,10,2024,2024-10-23
724,5906485,37.6543,-25.9522,31,11.06,35.4,1,2025,2025-01-19
725,5906470,15.4292,-15.9431,419,12.19,36.93,9,2024,2024-09-23
726,5906483,1.706,-47.0357,54,22.03,36.11,2,2024,2024-02-24
727,5906484,18.7879,42.0203,130,14.31,35.74,8,2024,2024-08-18
728,5906488,38.3344,11.6499,18,22.72,34.42,1,2025,2025-01-01
729,5906474,39.1438,9.5738,506,8.31,38.36,1,2024,2024-01-04
730,5906478,62.3114,-55.5579,156,0.29,35.23,11,2024,2024-11-05
731,5906489,38.9342,17.1813,41,16.99,38.9,10,2024,2024-10-10
732,5906484,26.5562,-18.1431,95,19.63,35.91,3,2025,2025-03-11
733,5906482,13.2443,-15.4345,1655,5.31,37.9,10,2024,2024-10-15
734,5906484,17.5278,-54.0764,290,13.89,36.18,5,2024,2024-05-13
735,5906477,51.7879,-41.9374,451,2.38,36.37,2,2025,2025-02-26
736,5906473,17.2853,-44.3129,27,24.58,36.07,6,2024,2024-06-16
737,5906478,20.0536,113.1147,11,18.81,34.63,1,2024,2024-01-31
738,5906481,-20.6028,71.6633,289,10.25,35.88,8,2024,2024-08-30
739,5906472,9.8172,-179.0084,41,26.71,35.24,3,2024,2024-03-08
740,5906475,76.322,-129.9845,18,-1.38,31.51,8,2024,2024-08-19
741,5906472,7.9312,-176.4916,86,24.11,35.35,2,2025,2025-02-23
742,5906473,53.3813,48.7664,50,23.26,33.75,3,2024,2024-03-17
743,5906473,-5.769,-142.3485,75,24.07,35.54,7,2024,2024-07-18
744,5906486,63.0912,-34.9366,490,2.55,35.12,4,2024,2024-04-04
745,5906487,-35.1477,61.7805,41,14.39,34.15,2,2025,2025-02-05
746,5906474,43.4968,-56.4161,20,12.43,35.05,2,2024,2024-02-16
747,5906482,61.6616,-66.7778,28,18.38,36.49,5,2024,2024-05-03
748,5906472,1.3883,111.9755,66,25.34,34.65,5,2024,2024-05-29
749,5906487,38.4864,5.7186,107,11.47,37.56,4,2024,2024-04-26
750,5906472,75.8116,140.6959,128,-2.0,34.36,2,2025,2025-02-09
751,5906474,27.6329,-32.567,182,16.98,36.2,8,2024,2024-08-11
752,5906474,18.1667,-53.1852,94,20.61,36.35,9,2024,2024-09-13
753,5906473,-38.3881,89.5863,1394,2.0,35.79,2,2024,2024-02-20
754,5906476,66.0079,35.7658,180,-2.0,34.17,11,2024,2024-11-06
755,5906486,28.5861,-37.1397,53,25.2,36.64,8,2024,2024-08-21
756,5906473,-22.4448,49.9159,87,19.18,35.97,6,2024,2024-06-06
757,5906489,18.5647,56.0373,89,16.7,35.6,10,2024,2024-10-02
758,5906485,32.3471,-17.4553,41,21.35,33.96,3,2025,2025-03-01
759,5906486,36.4019,37.4686,459,1.93,37.92,1,2025,2025-01-19
760,5906485,7.1747,-47.1542,47,27.31,35.75,7,2024,2024-07-15
761,5906485,7.9915,-119.5633,50,25.95,35.2,2,2024,2024-02-28
762,5906489,-51.2585,143.3965,13,4.7,34.11,4,2024,2024-04-28
763,5906482,30.2035,71.6922,241,2.15,34.23,10,2024,2024-10-12
764,5906475,44.2442,-66.5179,482,-2.0,36.95,11,2024,2024-11-16
765,5906477,-26.6163,100.3846,1602,2.0,36.82,3,2024,2024-03-09
766,5906472,-59.2633,-143.1131,347,-2.0,34.23,5,2024,2024-05-20
767,5906478,43.5908,27.4474,100,19.87,38.15,5,2024,2024-05-18
768,5906476,42.599,12.6097,20,20.42,38.18,9,2024,2024-09-16
769,5906472,70.4314,-142.8941,1809,2.0,34.69,9,2024,2024-09-19
770,5906472,43.3573,16.9645,19,15.69,38.18,8,2024,2024-08-20
771,5906483,68.3538,39.1068,15,4.75,32.41,7,2024,2024-07-30
772,5906488,-22.7089,79.3906,17,26.77,35.04,12,2024,2024-12-01
773,5906481,43.9092,-14.5687,46,21.7,34.94,1,2025,2025-01-24
774,5906483,-9.2644,-116.6062,99,22.21,34.37,10,2024,2024-10-12
775,5906473,-39.6008,-27.7861,14,1.34,33.98,8,2024,2024-08-21
776,5906475,-21.3966,88.0343,51,25.57,35.56,10,2024,2024-10-23
777,5906489,68.8673,-147.1267,27,3.98,30.46,3,2025,2025-03-06
778,5906489,63.5035,-56.9122,67,5.44,36.3,3,2024,2024-03-31
779,5906482,48.431,-25.8387,638,0.54,36.25,2,2024,2024-02-06
780,5906470,30.4447,29.9069,1768,2.0,39.6,3,2025,2025-03-28
781,5906487,-53.2883,-50.961,129,-2.0,34.61,6,2024,2024-06-13
782,5906488,-12.5777,45.928,424,9.02,35.18,5,2024,2024-05-17
783,5906484,37.5904,11.3746,72,18.36,38.06,12,2024,2024-12-30
784,5906473,-59.8206,-39.2974,1587,2.0,35.7,2,2024,2024-02-21
785,5906476,2.5279,-129.9577,123,23.26,34.43,7,2024,2024-07-03
786,5906481,30.4753,21.0721,287,8.35,38.94,5,2024,2024-05-17
787,5906486,77.9523,65.5734,1033,2.0,33.9,1,2024,2024-01-31
788,5906481,-4.235,63.4738,48,26.26,35.41,10,2024,2024-10-12
789,5906488,68.4954,36.9537,296,-2.0,31.94,1,2025,2025-01-01
790,5906480,-43.99,-104.7053,24,1.86,34.71,11,2024,2024-11-13
791,5906487,-11.4621,84.7082,79,20.13,35.7,4,2024,2024-04-02
792,5906472,0.4568,-170.9682,68,28.19,34.96,6,2024,2024-06-20
793,5906480,33.9701,8.4085,11,19.85,38.95,5,2024,2024-05-22
794,5906478,75.4348,11.4871,127,-2.0,31.64,7,2024,2024-07-07
795,5906471,-3.5776,-58.27,19,23.71,35.55,9,2024,2024-09-15
796,5906486,38.9322,32.5752,73,19.74,38.84,3,2025,2025-03-30
797,5906489,37.8188,21.5591,67,17.56,38.54,6,2024,2024-06-23
798,5906478,4.6582,-84.5963,966,5.42,35.47,3,2025,2025-03-07
799,5906476,-8.1467,96.4446,37,27.38,35.18,3,2024,2024-03-09
800,5906472,-38.0042,-4.7355,41,10.01,33.9,3,2025,2025-03-04
801,5906479,-0.7281,44.4762,17,25.38,35.47,4,2024,2024-04-22
802,5906470,1.8153,-163.0008,125,23.33,34.22,8,2024,2024-08-26
803,5906484,16.464,53.6295,670,2.27,36.45,2,2025,2025-02-19
804,5906480,39.8685,-69.3634,119,15.03,36.48,5,2024,2024-05-20
805,5906477,-39.4887,0.2616,10,-0.3,34.67,9,2024,2024-09-07
806,5906476,66.8602,36.6167,45,-1.14,34.48,2,2025,2025-02-11
807,5906485,16.0884,-51.8069,27,26.27,36.73,8,2024,2024-08-15
808,5906485,-8.8873,-107.3566,66,24.66,34.44,1,2024,2024-01-24
809,5906486,38.355,9.8854,496,6.23,38.36,1,2024,2024-01-31
810,5906483,75.3821,162.8296,838,-2.0,32.96,1,2024,2024-01-23
811,5906478,36.7666,-70.7421,1462,2.0,34.99,2,2024,2024-02-07
812,5906480,63.3321,-10.1526,29,13.36,35.68,1,2024,2024-01-25
813,5906484,-30.6395,33.8942,30,1.46,34.16,1,2025,2025-01-02
814,5906473,2.5179,-113.2761,298,13.41,35.64,3,2025,2025-03-26
815,5906472,-4.4382,115.2448,96,14.71,34.95,7,2024,2024-07-16
816,5906479,51.3635,-47.7387,29,21.28,34.97,6,2024,2024-06-20
817,5906487,77.076,61.7549,104,0.22,30.93,9,2024,2024-09-21
818,5906488,37.2499,80.3764,75,12.96,34.38,3,2025,2025-03-26
819,5906486,-8.5106,-112.9944,36,27.47,34.81,2,2025,2025-02-07
820,5906482,37.0361,31.0091,357,7.0,34.95,1,2025,2025-01-17
821,5906482,4.3011,-122.6839,673,9.43,35.75,9,2024,2024-09-21
822,5906470,-39.5455,20.6131,13,12.67,34.52,7,2024,2024-07-08
823,5906472,-5.136,-138.6159,309,13.64,35.16,3,2024,2024-03-01
824,5906472,73.3431,118.8898,35,6.72,31.79,8,2024,2024-08-26
825,5906489,49.6325,87.5172,123,14.25,34.74,12,2024,2024-12-25
826,5906485,-41.064,-75.915,24,10.55,34.55,1,2025,2025-01-11
827,5906484,-51.8241,-154.3515,91,6.63,34.11,9,2024,2024-09-16
828,5906483,6.1336,-153.2185,35,27.88,35.19,6,2024,2024-06-10
829,5906481,53.1881,-3.1717,48,23.12,34.21,10,2024,2024-10-13
830,5906476,44.6311,-39.5006,1300,2.0,37.49,12,2024,2024-12-14
831,5906488,6.872,-147.0375,349,14.29,35.83,5,2024,2024-05-15
832,5906474,68.2624,21.8141,125,-2.0,32.65,1,2025,2025-01-19
833,5906484,77.1802,-80.9738,163,-2.0,31.19,1,2024,2024-01-04
834,5906485,37.3228,32.9836,372,3.36,38.98,11,2024,2024-11-07
835,5906486,66.1059,-75.6716,35,-1.05,31.34,1,2024,2024-01-21
836,5906478,-1.1514,-128.2364,12,27.47,35.45,3,2024,2024-03-18
837,5906488,-27.7614,104.0448,338,13.94,35.76,1,2024,2024-01-29
838,5906479,-6.1467,-115.1407,691,12.66,35.9,12,2024,2024-12-08
839,5906477,38.1631,-48.2896,45,20.29,35.53,2,2024,2024-02-21
840,5906477,-7.2214,-100.348,1312,7.76,36.19,3,2024,2024-03-21
841,5906483,-56.9142,-45.7233,46,9.57,34.71,2,2024,2024-02-06
842,5906486,70.7248,-28.8423,82,0.15,30.5,7,2024,2024-07-02
843,5906486,77.9574,-172.5304,32,6.58,30.23,3,2024,2024-03-22
844,5906487,45.074,-49.4657,1684,2.0,38.17,2,2024,2024-02-29
845,5906481,3.6791,-109.4923,33,26.72,35.53,5,2024,2024-05-04
846,5906487,70.59,-117.557,74,1.28,30.52,2,2025,2025-02-21
847,5906482,46.3578,72.8296,67,15.22,34.08,7,2024,2024-07-15
848,5906478,44.9999,17.3885,369,3.28,37.47,8,2024,2024-08-12
849,5906472,53.0475,39.7038,59,17.96,34.6,3,2025,2025-03-02
850,5906487,-55.1049,-177.5909,1864,2.0,36.08,2,2024,2024-02-15
851,5906482,44.1498,20.5795,1930,2.0,39.22,1,2024,2024-01-01
852,5906482,42.5305,107.7957,92,10.29,33.75,1,2025,2025-01-06
853,5906482,74.4049,116.4817,54,-1.02,33.76,8,2024,2024-08-08
854,5906486,-40.6983,-94.0538,1431,2.0,35.26,8,2024,2024-08-28
855,5906479,-39.2156,1.4025,1197,2.0,35.68,8,2024,2024-08-31
856,5906477,9.8584,-156.8233,169,17.06,35.58,12,2024,2024-12-11
857,5906474,72.0323,-24.2267,237,-2.0,31.98,11,2024,2024-11-05
858,5906489,32.5083,18.0125,1273,2.0,39.11,1,2025,2025-01-12
859,5906484,25.8292,-43.4163,644,0.41,35.37,11,2024,2024-11-10
860,5906472,-4.3564,-10.3317,21,28.67,36.95,12,2024,2024-12-06
861,5906475,73.861,-56.8746,11,-2.0,32.09,12,2024,2024-12-12
862,5906477,57.7274,-104.328,14,14.36,33.72,2,2025,2025-02-06
863,5906483,30.7162,21.4422,1242,2.09,39.94,10,2024,2024-10-02
864,5906475,47.6255,-34.9884,449,3.83,36.77,7,2024,2024-07-13
865,5906480,38.8074,36.37,321,7.03,37.77,11,2024,2024-11-26
866,5906479,-25.946,96.7332,10,22.88,35.2,6,2024,2024-06-08
867,5906484,-32.4836,-154.3665,461,-1.3,35.22,9,2024,2024-09-14
868,5906489,64.0747,-55.8882,1404,2.0,37.15,5,2024,2024-05-23
869,5906481,-40.8212,-51.3984,1974,2.0,36.51,10,2024,2024-10-15
870,5906472,38.971,-57.674,120,11.18,35.4,9,2024,2024-09-21
871,5906489,37.925,21.5497,74,19.62,38.88,8,2024,2024-08-31
872,5906483,69.7931,1.2087,86,2.6,30.5,1,2024,2024-01-21
873,5906485,-0.369,54.9308,110,18.57,34.8,4,2024,2024-04-01
874,5906487,23.3564,-51.8922,183,12.68,37.13,2,2024,2024-02-25
875,5906472,13.7165,-59.089,239,12.1,36.73,12,2024,2024-12-13
876,5906473,25.0675,-67.1849,1416,2.0,35.11,7,2024,2024-07-31
877,5906478,11.3767,-55.3906,72,23.48,36.1,2,2025,2025-02-10
878,5906485,31.5155,-31.5159,1618,2.0,35.95,3,2024,2024-03-24
879,5906475,18.4429,-19.1623,619,8.18,37.02,1,2025,2025-01-08
880,5906475,39.2511,29.3957,1871,2.0,38.9,3,2024,2024-03-13
881,5906474,10.8956,88.8994,46,25.16,34.99,5,2024,2024-05-13
882,5906475,52.0054,-21.3741,131,8.22,36.05,9,2024,2024-09-09
883,5906479,-29.7831,78.8876,220,9.48,35.79,5,2024,2024-05-23
884,5906489,76.6318,11.0408,117,-1.57,30.23,11,2024,2024-11-11
885,5906487,32.7652,29.1409,101,17.39,37.6,7,2024,2024-07-10
886,5906475,45.4532,-26.4046,662,-2.0,35.34,11,2024,2024-11-24
887,5906485,31.5225,6.0065,138,13.01,37.36,3,2025,2025-03-08
888,5906487,38.1473,21.9758,67,18.39,38.39,10,2024,2024-10-19
889,5906480,-43.7194,37.5327,1340,2.0,35.95,11,2024,2024-11-05
890,5906478,25.6786,-22.8288,191,15.37,36.38,9,2024,2024-09-01
891,5906477,40.9523,9.4689,382,7.31,37.71,6,2024,2024-06-30
892,5906489,69.7781,91.6031,374,-2.0,31.54,9,2024,2024-09-27
893,5906487,38.8911,20.833,1962,2.0,40.0,1,2025,2025-01-23
894,5906473,-51.1723,153.9816,331,-2.0,34.3,11,2024,2024-11-04
895,5906475,45.2504,-21.4256,1035,2.0,37.09,6,2024,2024-06-22
896,5906488,5.125,-120.6859,42,26.48,34.88,3,2024,2024-03-14
897,5906477,-0.3646,-43.3869,1931,2.55,37.86,1,2025,2025-01-25
898,5906478,33.4771,-22.8141,1066,2.0,37.46,6,2024,2024-06-02
899,5906480,-50.9014,-113.7571,1075,2.0,35.83,3,2025,2025-03-05
900,5906475,4.5675,-135.6294,295,13.65,34.92,10,2024,2024-10-03
901,5906487,42.7456,7.3266,1792,2.0,40.0,11,2024,2024-11-29
902,5906478,34.9133,-54.0092,1810,2.0,38.28,2,2025,2025-02-20
903,5906481,69.8243,78.9559,24,-0.65,31.6,2,2024,2024-02-23
904,5906486,-42.2911,-68.8732,32,6.31,34.3,4,2024,2024-04-27
905,5906482,55.7594,19.2035,33,24.65,34.37,8,2024,2024-08-14
906,5906486,71.3351,-4.4699,15,2.45,30.61,11,2024,2024-11-02
907,5906489,-8.3377,-57.1007,128,18.42,36.02,8,2024,2024-08-09
908,5906476,24.7759,-47.0785,469,12.09,36.06,7,2024,2024-07-22
909,5906473,68.2107,147.2068,1860,2.0,35.45,5,2024,2024-05-17
910,5906472,4.0051,70.2131,74,24.17,35.23,11,2024,2024-11-05
911,5906481,36.66,62.967,586,-1.42,35.15,6,2024,2024-06-15
912,5906470,39.4821,38.0119,863,1.68,39.75,8,2024,2024-08-17
913,5906474,-7.259,-102.7266,33,26.61,35.11,3,2024,2024-03-19
914,5906476,-5.9766,-99.9086,122,22.2,35.08,1,2024,2024-01-03
915,5906480,19.2379,-15.6297,28,25.13,35.74,10,2024,2024-10-18
916,5906484,73.3943,110.4776,295,-2.0,33.67,7,2024,2024-07-03
917,5906479,-3.1238,-129.3187,421,14.55,35.35,1,2025,2025-01-25
918,5906475,29.5638,-76.4846,1427,2.0,35.97,10,2024,2024-10-06
919,5906480,34.2049,-56.6122,32,18.91,36.28,2,2024,2024-02-05
920,5906481,21.8699,-22.8845,44,28.77,36.56,6,2024,2024-06-28
921,5906489,8.6581,-131.6073,46,27.23,35.44,1,2025,2025-01-25
922,5906476,76.5896,-90.35,130,-2.0,32.18,2,2025,2025-02-24
923,5906485,-7.0006,-16.7095,106,21.05,36.7,3,2024,2024-03-10
924,5906486,-22.3406,50.3274,323,7.22,35.29,1,2025,2025-01-09
925,5906470,71.7877,-159.008,462,-2.0,31.26,1,2025,2025-01-04
926,5906489,20.8692,2.8099,109,13.47,34.21,3,2024,2024-03-24
927,5906488,30.6469,22.7536,93,19.75,37.11,12,2024,2024-12-16
928,5906474,31.9254,-53.2727,63,5.6,35.48,3,2024,2024-03-08
929,5906479,59.0887,94.825,59,17.92,34.7,12,2024,2024-12-29
930,5906473,-32.48,63.9535,200,-2.0,34.66,10,2024,2024-10-06
931,5906487,-5.5467,-167.7898,23,26.61,34.67,11,2024,2024-11-28
932,5906471,33.4844,29.7409,129,17.94,39.02,2,2025,2025-02-04
933,5906471,-20.8156,42.4012,42,22.67,35.18,10,2024,2024-10-21
934,5906471,-59.108,-42.0971,121,-2.0,34.84,8,2024,2024-08-19
935,5906489,44.469,-110.9858,853,3.51,34.66,2,2024,2024-02-25
936,5906474,37.4355,27.6326,132,14.06,38.56,8,2024,2024-08-25
937,5906473,73.0178,-93.9527,42,4.6,32.75,3,2024,2024-03-22
938,5906484,13.3064,91.7947,32,19.42,35.44,12,2024,2024-12-26
939,5906484,-17.3349,113.8378,38,25.66,35.89,11,2024,2024-11-16
940,5906485,44.6328,-18.3924,14,20.13,34.0,2,2024,2024-02-01
941,5906471,-44.8227,0.3761,1220,2.0,36.01,7,2024,2024-07-26
942,5906484,35.3244,-51.819,140,8.88,33.71,7,2024,2024-07-17
943,5906470,-4.1769,-164.5214,461,10.16,35.49,9,2024,2024-09-08
944,5906485,29.7888,-14.6708,141,19.04,37.1,7,2024,2024-07-27
945,5906470,-39.7551,99.9607,315,-2.0,34.68,5,2024,2024-05-15
946,5906483,36.5941,17.7472,191,4.43,38.68,11,2024,2024-11-28
947,5906486,44.2905,20.1596,159,7.47,38.37,7,2024,2024-07-29
948,5906484,6.5848,-135.1655,1698,3.5,36.62,2,2025,2025-02-01
949,5906482,-54.1665,41.6486,36,10.14,34.11,5,2024,2024-05-09
950,5906487,-4.9475,-40.0891,643,9.8,37.62,10,2024,2024-10-13
951,5906482,-35.2091,163.6546,15,6.13,34.37,2,2024,2024-02-25
952,5906485,41.3854,-32.9194,1735,2.0,37.7,3,2024,2024-03-26
953,5906485,-21.2378,78.4237,28,23.32,35.19,11,2024,2024-11-01
954,5906486,3.2467,-117.7287,164,18.03,35.06,12,2024,2024-12-09
955,5906488,37.4404,-13.804,601,6.09,35.38,6,2024,2024-06-24
956,5906471,20.1427,-102.7123,22,19.57,33.75,5,2024,2024-05-26
957,5906471,27.3466,-62.6451,255,3.76,33.82,4,2024,2024-04-02
958,5906472,42.9903,3.888,16,14.36,38.46,3,2024,2024-03-23
959,5906479,3.2196,-16.9899,1393,3.26,38.36,1,2025,2025-01-07
960,5906474,42.7212,22.2576,113,11.44,38.09,2,2024,2024-02-18
961,5906482,34.7937,-37.7166,1320,2.0,36.26,9,2024,2024-09-07
962,5906484,-9.1235,-166.6195,36,26.55,35.47,1,2024,2024-01-10
963,5906476,42.0404,33.3464,15,22.16,37.38,7,2024,2024-07-04
964,5906474,-9.4555,-43.0399,35,26.86,35.91,2,2025,2025-02-24
965,5906478,30.0297,26.5644,37,15.78,37.16,2,2025,2025-02-28
966,5906489,75.5959,94.9765,1797,2.0,36.22,3,2025,2025-03-18
967,5906489,56.5678,-32.3886,1891,2.0,36.92,2,2024,2024-02-13
968,5906473,4.8596,71.2917,39,19.5,34.98,11,2024,2024-11-06
969,5906477,2.7662,-20.6491,1240,2.71,37.52,1,2024,2024-01-09
970,5906471,54.9221,-6.4866,901,1.77,34.49,2,2024,2024-02-25
971,5906470,56.4427,-35.0763,398,-2.0,35.85,4,2024,2024-04-25
972,5906481,43.4385,12.6802,1108,3.78,38.4,7,2024,2024-07-25
973,5906483,-4.3796,-159.9436,896,8.87,35.76,10,2024,2024-10-02
974,5906475,5.229,-118.7247,182,16.52,35.65,1,2024,2024-01-11
975,5906473,-35.2905,-139.6033,117,-2.0,34.46,8,2024,2024-08-24
976,5906473,42.565,29.7361,1830,2.0,40.0,10,2024,2024-10-25
977,5906471,42.7167,-54.5168,80,16.8,35.73,1,2025,2025-01-29
978,5906489,-36.105,-119.4861,124,-2.0,34.0,9,2024,2024-09-06
979,5906481,8.6183,-123.7692,29,28.18,35.35,2,2025,2025-02-18
980,5906471,-3.5468,-159.7612,1589,8.01,36.65,2,2025,2025-02-20
981,5906489,54.5657,-58.3673,22,19.34,35.83,9,2024,2024-09-22
982,5906474,69.2519,104.065,24,4.34,31.36,6,2024,2024-06-01
983,5906480,52.6349,-68.486,263,-2.0,35.72,10,2024,2024-10-09
984,5906471,31.5016,-55.6356,412,-2.0,34.25,11,2024,2024-11-05
985,5906478,37.0644,0.1699,39,14.34,37.27,2,2025,2025-02-01
986,5906474,17.4424,-27.2083,1283,5.46,38.11,10,2024,2024-10-19
987,5906478,-27.9217,91.9425,92,18.8,34.89,5,2024,2024-05-10
988,5906485,77.5476,115.721,152,-2.0,30.88,7,2024,2024-07-14
989,5906485,65.6211,46.2761,409,-2.0,34.81,3,2024,2024-03-31
990,5906476,35.1864,6.9605,224,8.04,38.17,11,2024,2024-11-13
991,5906473,8.7102,-10.5656,573,11.95,37.53,10,2024,2024-10-17
992,5906474,35.8804,-53.1326,1141,2.0,36.95,8,2024,2024-08-01
993,5906471,35.628,-52.5658,577,4.97,36.93,10,2024,2024-10-25
994,5906488,0.1674,-21.1449,45,26.28,35.78,7,2024,2024-07-11
995,5906487,-33.1021,-35.081,60,-1.01,34.53,3,2025,2025-03-22
996,5906480,15.8809,-20.9993,1044,6.5,37.02,2,2024,2024-02-13
997,5906477,-0.5974,-170.4684,105,23.82,34.87,1,2025,2025-01-08
998,5906482,54.8909,16.4683,45,12.38,33.95,8,2024,2024-08-03
999,5906486,9.0706,-131.3297,134,20.25,35.42,10,2024,2024-10-30
1000,5906487,-52.8299,142.5205,1525,2.0,35.38,3,2025,2025-03-21
